id,user_id,question_id,points,submitted_at,username
1,1.23546E+18,9,60,2024-10-26 00:51:23.631099+05:30,snarlbase.editsizzle
2,1.29867E+18,7,-10,2024-10-26 00:51:40.401706+05:30,wind___aot
4,1.23546E+18,25,120,2024-10-26 02:14:37.671239+05:30,snarlbase.editsizzle
9,1.23546E+18,8,60,2024-10-26 03:17:41.299445+05:30,snarlbase.editsizzle
13,1.23546E+18,31,80,2024-10-26 03:48:40.246814+05:30,snarlbase.editsizzle
16,1.23546E+18,28,60,2024-10-26 04:02:38.81374+05:30,snarlbase.editsizzle
21,1.23546E+18,14,60,2024-10-26 04:15:08.440826+05:30,snarlbase.editsizzle
23,1.23546E+18,32,60,2024-10-26 05:35:15.913896+05:30,snarlbase.editsizzle
24,1.23546E+18,121,120,2024-10-26 05:36:14.10267+05:30,snarlbase.editsizzle
29,1.29867E+18,105,-10,2024-10-26 06:02:06.272094+05:30,wind___aot
30,1.29867E+18,263,-10,2024-10-26 12:34:04.502725+05:30,wind___aot
31,1.29867E+18,62,-10,2024-10-26 12:35:33.245745+05:30,wind___aot
32,1.29867E+18,247,-10,2024-10-26 12:40:31.321712+05:30,wind___aot
33,1.29867E+18,201,-10,2024-10-26 12:41:14.398591+05:30,wind___aot
34,1.29867E+18,233,60,2024-10-26 12:42:57.904963+05:30,wind___aot
37,1.23546E+18,64,80,2024-10-26 15:05:28.902836+05:30,snarlbase.editsizzle
38,1.23546E+18,161,0,2024-10-26 18:18:08.651534+05:30,snarlbase.editsizzle
39,1.23546E+18,90,0,2024-10-26 18:18:43.565799+05:30,snarlbase.editsizzle
40,1.23546E+18,52,80,2024-10-26 20:26:01.410021+05:30,snarlbase.editsizzle
41,1.23546E+18,256,60,2024-10-26 20:26:30.860522+05:30,snarlbase.editsizzle
46,1.23546E+18,237,60,2024-10-26 20:34:10.296642+05:30,snarlbase.editsizzle
48,1.29867E+18,303,-20,2024-10-26 20:36:53.330506+05:30,wind___aot
53,1.23546E+18,246,120,2024-10-26 21:55:22.194302+05:30,snarlbase.editsizzle
56,1.29867E+18,90,-40,2024-10-26 23:18:40.908087+05:30,wind___aot
59,1.23546E+18,149,120,2024-10-26 23:46:38.176981+05:30,snarlbase.editsizzle
64,1.23546E+18,166,120,2024-10-27 00:59:37.496994+05:30,snarlbase.editsizzle
65,1.29867E+18,79,-10,2024-10-27 04:44:55.308634+05:30,wind___aot
66,1.29867E+18,143,-10,2024-10-27 04:50:11.651296+05:30,wind___aot
67,1.29867E+18,143,120,2024-10-27 04:51:47.798532+05:30,wind___aot
68,1.23546E+18,251,130,2024-10-27 21:32:59.221691+05:30,snarlbase.editsizzle
70,1.23546E+18,16,120,2024-10-27 21:42:58.287864+05:30,snarlbase.editsizzle
71,1.30013E+18,66,-10,2024-10-27 22:23:26.5433+05:30,amit044024
76,8.48234E+17,9,120,2024-10-27 23:44:04.326387+05:30,dai7350
77,8.48234E+17,29,170,2024-10-27 23:52:46.556689+05:30,dai7350
78,1.11895E+18,67,-10,2024-10-27 23:52:56.097256+05:30,uday3007
79,1.11895E+18,67,160,2024-10-27 23:55:14.251237+05:30,uday3007
80,8.48234E+17,280,180,2024-10-27 23:58:38.201207+05:30,dai7350
83,1.23546E+18,163,120,2024-10-28 01:44:17.890395+05:30,snarlbase.editsizzle
85,1.23546E+18,308,120,2024-10-28 02:09:30.195271+05:30,snarlbase.editsizzle
86,1.29867E+18,15,130,2024-10-28 02:19:09.913066+05:30,wind___aot
87,6.87329E+17,268,80,2024-10-28 02:51:24.261235+05:30,chiranjeev3210
88,6.87329E+17,107,90,2024-10-28 03:30:54.198274+05:30,chiranjeev3210
90,6.87329E+17,297,100,2024-10-28 16:01:50.800551+05:30,chiranjeev3210
91,6.87329E+17,8,90,2024-10-28 16:03:07.379432+05:30,chiranjeev3210
94,1.23546E+18,72,120,2024-10-28 16:46:48.241229+05:30,snarlbase.editsizzle
98,1.23546E+18,171,0,2024-10-28 21:35:00.219811+05:30,snarlbase.editsizzle
99,1.29867E+18,171,0,2024-10-28 21:35:00.32369+05:30,wind___aot
102,1.29867E+18,107,-20,2024-10-28 22:15:00.348466+05:30,wind___aot
104,1.23546E+18,235,60,2024-10-29 11:02:05.618827+05:30,snarlbase.editsizzle
105,1.23546E+18,13,70,2024-10-29 11:07:48.320809+05:30,snarlbase.editsizzle
107,1.23546E+18,305,60,2024-10-29 11:18:51.163129+05:30,snarlbase.editsizzle
109,1.26293E+18,306,60,2024-10-29 14:05:43.023695+05:30,ashh011880
110,1.23546E+18,372,0,2024-10-29 15:09:43.175216+05:30,snarlbase.editsizzle
111,1.11284E+18,255,60,2024-10-29 15:10:16.082358+05:30,amandeep.kaur
112,1.29867E+18,372,-10,2024-10-29 15:10:52.823771+05:30,wind___aot
113,1.23546E+18,400,90,2024-10-29 16:35:27.287069+05:30,snarlbase.editsizzle
114,1.23546E+18,373,140,2024-10-29 16:52:59.408836+05:30,snarlbase.editsizzle
115,1.17981E+18,259,80,2024-10-29 19:28:48.379792+05:30,dante_alli
116,1.17981E+18,288,90,2024-10-29 19:31:47.164144+05:30,dante_alli
117,1.17981E+18,279,-10,2024-10-29 19:37:28.534979+05:30,dante_alli
118,1.17981E+18,279,80,2024-10-29 19:40:41.728967+05:30,dante_alli
119,1.17981E+18,147,70,2024-10-29 19:43:59.865264+05:30,dante_alli
120,1.17981E+18,96,100,2024-10-29 20:13:18.210383+05:30,dante_alli
121,1.06041E+18,91,80,2024-10-29 20:23:21.805574+05:30,enemies_ofshiganshina
122,1.29477E+18,246,60,2024-10-29 20:44:46.786421+05:30,sahib_08740
123,1.30084E+18,400,80,2024-10-29 20:46:56.725855+05:30,hilichurl_haver
124,1.29477E+18,248,70,2024-10-29 20:50:05.408106+05:30,sahib_08740
125,1.29477E+18,239,80,2024-10-29 20:52:06.222258+05:30,sahib_08740
126,1.29477E+18,303,90,2024-10-29 20:57:38.388872+05:30,sahib_08740
127,1.29867E+18,96,-20,2024-10-29 21:30:00.381997+05:30,wind___aot
129,1.11284E+18,96,-20,2024-10-29 21:30:00.421758+05:30,amandeep.kaur
130,1.30086E+18,60,80,2024-10-29 22:17:03.493597+05:30,bhavin0952
131,1.22447E+18,19,80,2024-10-29 22:24:18.684782+05:30,sigmund_freud_36467
132,1.30084E+18,373,-10,2024-10-29 22:35:12.821339+05:30,hilichurl_haver
133,1.30084E+18,373,120,2024-10-29 22:35:54.218895+05:30,hilichurl_haver
134,1.17981E+18,177,110,2024-10-29 22:43:22.364582+05:30,dante_alli
135,1.30084E+18,171,90,2024-10-29 22:44:48.200921+05:30,hilichurl_haver
136,1.30086E+18,288,80,2024-10-29 22:45:29.45852+05:30,shubhampanthri_12929
137,1.30084E+18,311,-10,2024-10-29 22:59:17.257628+05:30,hilichurl_haver
138,1.30084E+18,311,80,2024-10-29 23:00:43.865019+05:30,hilichurl_haver
139,1.30086E+18,277,90,2024-10-29 23:07:24.756709+05:30,shubhampanthri_12929
140,1.30084E+18,320,-10,2024-10-29 23:10:08.674936+05:30,hilichurl_haver
141,1.30084E+18,320,-10,2024-10-29 23:11:01.808937+05:30,hilichurl_haver
142,1.30086E+18,299,100,2024-10-29 23:21:00.81112+05:30,shubhampanthri_12929
143,1.17981E+18,46,-10,2024-10-30 00:05:41.310075+05:30,dante_alli
144,1.17981E+18,46,80,2024-10-30 00:08:34.777577+05:30,dante_alli
145,1.17981E+18,290,90,2024-10-30 00:17:44.857626+05:30,dante_alli
146,1.17981E+18,281,100,2024-10-30 00:19:33.186201+05:30,dante_alli
147,1.17981E+18,217,110,2024-10-30 00:24:28.863443+05:30,dante_alli
148,1.17981E+18,346,120,2024-10-30 00:40:46.476597+05:30,dante_alli
149,1.20237E+18,284,80,2024-10-30 02:13:28.943831+05:30,rahulgummal
150,6.87329E+17,174,-10,2024-10-30 03:31:56.398046+05:30,chiranjeev3210
151,6.87329E+17,174,-10,2024-10-30 03:33:19.255866+05:30,chiranjeev3210
152,6.87329E+17,174,-10,2024-10-30 03:34:41.44059+05:30,chiranjeev3210
153,6.87329E+17,59,120,2024-10-30 03:47:13.399684+05:30,chiranjeev3210
154,6.87329E+17,66,90,2024-10-30 03:55:23.274172+05:30,chiranjeev3210
155,1.06041E+18,110,-10,2024-10-30 09:12:13.159051+05:30,enemies_ofshiganshina
156,1.06041E+18,110,-10,2024-10-30 09:15:07.998267+05:30,enemies_ofshiganshina
157,1.06041E+18,110,80,2024-10-30 09:17:14.613882+05:30,enemies_ofshiganshina
158,1.30086E+18,183,110,2024-10-30 09:39:58.170444+05:30,shubhampanthri_12929
159,1.30086E+18,87,160,2024-10-30 09:47:51.419369+05:30,shubhampanthri_12929
160,1.30086E+18,79,170,2024-10-30 09:55:52.396066+05:30,shubhampanthri_12929
161,1.17981E+18,133,-10,2024-10-30 11:12:54.520396+05:30,dante_alli
162,1.17981E+18,133,-10,2024-10-30 11:14:14.562054+05:30,dante_alli
163,1.17981E+18,133,120,2024-10-30 11:17:43.386158+05:30,dante_alli
164,1.17981E+18,68,-10,2024-10-30 11:23:51.806726+05:30,dante_alli
165,1.17981E+18,68,-10,2024-10-30 11:26:32.319222+05:30,dante_alli
166,1.17981E+18,68,120,2024-10-30 11:26:59.776402+05:30,dante_alli
167,1.17981E+18,79,130,2024-10-30 11:31:04.512159+05:30,dante_alli
168,1.17981E+18,354,100,2024-10-30 11:42:06.597822+05:30,dante_alli
169,1.17981E+18,60,110,2024-10-30 11:44:52.329294+05:30,dante_alli
170,1.30107E+18,243,60,2024-10-30 12:04:33.202776+05:30,bharath_66231
171,1.06041E+18,238,70,2024-10-30 12:45:14.744702+05:30,enemies_ofshiganshina
172,1.30107E+18,192,60,2024-10-30 13:20:01.91446+05:30,tanvi_88897
173,1.30107E+18,266,90,2024-10-30 13:29:49.306452+05:30,tanvi_88897
174,1.3011E+18,278,80,2024-10-30 14:16:22.391926+05:30,adventurous_unicorn_71057
175,1.3011E+18,308,70,2024-10-30 14:23:56.250603+05:30,adventurous_unicorn_71057
176,1.3011E+18,288,100,2024-10-30 14:27:43.575799+05:30,adventurous_unicorn_71057
177,1.3011E+18,232,90,2024-10-30 14:30:26.245214+05:30,adventurous_unicorn_71057
178,1.3011E+18,93,-10,2024-10-30 14:38:53.877037+05:30,adventurous_unicorn_71057
179,1.3011E+18,93,-10,2024-10-30 14:40:31.67143+05:30,adventurous_unicorn_71057
180,1.3011E+18,172,80,2024-10-30 14:52:10.613951+05:30,adventurous_unicorn_71057
181,1.30111E+18,91,80,2024-10-30 15:04:02.415564+05:30,vamsi_39440
182,1.30111E+18,364,90,2024-10-30 15:17:36.450762+05:30,vamsi_39440
183,1.3011E+18,208,-10,2024-10-30 15:30:52.579796+05:30,adventurous_unicorn_71057
184,1.3011E+18,208,-10,2024-10-30 15:31:56.828921+05:30,adventurous_unicorn_71057
185,1.3011E+18,208,-10,2024-10-30 15:33:41.641449+05:30,adventurous_unicorn_71057
186,1.06041E+18,107,100,2024-10-30 16:04:40.964525+05:30,enemies_ofshiganshina
187,1.06041E+18,66,110,2024-10-30 16:19:40.587709+05:30,enemies_ofshiganshina
188,1.3011E+18,333,80,2024-10-30 16:27:42.531852+05:30,adventurous_unicorn_71057
189,1.3011E+18,341,-10,2024-10-30 16:33:31.496046+05:30,adventurous_unicorn_71057
190,6.39396E+17,258,60,2024-10-30 16:34:27.89009+05:30,ttbhai
191,1.3011E+18,341,-10,2024-10-30 16:34:57.491747+05:30,adventurous_unicorn_71057
192,1.3011E+18,341,-10,2024-10-30 16:37:48.10946+05:30,adventurous_unicorn_71057
193,6.39396E+17,235,70,2024-10-30 16:38:55.964668+05:30,ttbhai
194,1.20237E+18,268,90,2024-10-30 19:49:13.391504+05:30,rahulgummal
195,1.17981E+18,247,100,2024-10-30 20:37:12.492132+05:30,dante_alli
196,1.30013E+18,85,-20,2024-10-30 21:30:00.345115+05:30,amit044024
198,1.17981E+18,85,-20,2024-10-30 21:30:00.408155+05:30,dante_alli
199,1.20237E+18,358,100,2024-10-30 22:50:03.523945+05:30,rahulgummal
200,1.17981E+18,236,110,2024-10-30 22:51:34.45288+05:30,dante_alli
201,1.17981E+18,172,140,2024-10-30 22:55:57.285058+05:30,dante_alli
202,1.17981E+18,216,-10,2024-10-30 23:01:55.779869+05:30,dante_alli
203,1.17981E+18,216,-10,2024-10-30 23:05:30.397678+05:30,dante_alli
204,1.30084E+18,150,60,2024-10-30 23:24:25.781116+05:30,hilichurl_haver
205,1.30084E+18,336,-10,2024-10-30 23:51:26.679752+05:30,hilichurl_haver
206,7.96758E+17,244,60,2024-10-31 01:31:28.300893+05:30,kiwifruitdemure
207,7.96758E+17,94,90,2024-10-31 01:40:46.093187+05:30,kiwifruitdemure
208,1.23546E+18,128,150,2024-10-31 08:39:56.647981+05:30,snarlbase.editsizzle
209,1.11895E+18,400,90,2024-10-31 08:48:58.506458+05:30,uday3007
210,1.11895E+18,373,-10,2024-10-31 09:05:11.36784+05:30,uday3007
211,1.11895E+18,373,-10,2024-10-31 09:07:21.830352+05:30,uday3007
212,1.11895E+18,373,-10,2024-10-31 09:12:13.191467+05:30,uday3007
213,7.96758E+17,106,100,2024-10-31 09:31:38.33115+05:30,kiwifruitdemure
214,7.96758E+17,283,110,2024-10-31 09:40:03.324963+05:30,kiwifruitdemure
215,1.11895E+18,373,-10,2024-10-31 10:15:33.426472+05:30,uday3007
216,1.11895E+18,373,120,2024-10-31 10:20:42.302224+05:30,uday3007
217,1.23546E+18,245,100,2024-10-31 12:31:59.381694+05:30,snarlbase.editsizzle
219,1.3011E+18,282,80,2024-10-31 13:38:16.873569+05:30,adventurous_unicorn_71057
220,1.3011E+18,36,-10,2024-10-31 13:42:26.548848+05:30,adventurous_unicorn_71057
221,1.3011E+18,36,-10,2024-10-31 13:42:55.284078+05:30,adventurous_unicorn_71057
222,1.3011E+18,112,80,2024-10-31 13:48:19.92437+05:30,adventurous_unicorn_71057
223,1.3011E+18,202,-10,2024-10-31 13:54:22.554965+05:30,adventurous_unicorn_71057
224,1.3011E+18,202,-10,2024-10-31 13:55:26.330242+05:30,adventurous_unicorn_71057
225,1.3011E+18,202,-10,2024-10-31 13:56:29.29697+05:30,adventurous_unicorn_71057
226,1.3011E+18,141,60,2024-10-31 14:03:48.305277+05:30,adventurous_unicorn_71057
227,1.3011E+18,133,130,2024-10-31 14:20:14.355222+05:30,adventurous_unicorn_71057
228,1.3011E+18,227,-10,2024-10-31 14:22:31.6832+05:30,adventurous_unicorn_71057
229,1.3011E+18,227,-10,2024-10-31 14:24:34.310797+05:30,adventurous_unicorn_71057
230,1.3011E+18,227,60,2024-10-31 14:25:04.249197+05:30,adventurous_unicorn_71057
231,1.3011E+18,19,90,2024-10-31 14:36:18.844562+05:30,adventurous_unicorn_71057
232,1.3011E+18,338,-10,2024-10-31 14:43:23.451395+05:30,adventurous_unicorn_71057
233,1.3011E+18,338,-10,2024-10-31 14:47:12.342834+05:30,adventurous_unicorn_71057
234,1.3011E+18,252,60,2024-10-31 15:01:15.932814+05:30,adventurous_unicorn_71057
235,1.3011E+18,97,90,2024-10-31 15:35:40.024776+05:30,adventurous_unicorn_71057
236,1.3011E+18,24,100,2024-10-31 15:44:15.152245+05:30,adventurous_unicorn_71057
237,1.06041E+18,337,-10,2024-10-31 15:44:28.25031+05:30,enemies_ofshiganshina
238,1.06041E+18,337,-10,2024-10-31 15:46:03.3426+05:30,enemies_ofshiganshina
239,1.06041E+18,337,-10,2024-10-31 15:46:17.797388+05:30,enemies_ofshiganshina
240,1.06041E+18,148,60,2024-10-31 15:51:04.291505+05:30,enemies_ofshiganshina
241,1.3011E+18,165,-10,2024-10-31 16:04:03.655657+05:30,adventurous_unicorn_71057
242,1.3011E+18,165,60,2024-10-31 16:05:10.932187+05:30,adventurous_unicorn_71057
243,7.96758E+17,158,100,2024-10-31 16:10:53.89524+05:30,kiwifruitdemure
244,1.3011E+18,68,-10,2024-10-31 16:12:47.063362+05:30,adventurous_unicorn_71057
245,7.96758E+17,187,130,2024-10-31 16:17:51.191413+05:30,kiwifruitdemure
246,1.3011E+18,91,80,2024-10-31 16:20:58.082668+05:30,adventurous_unicorn_71057
247,1.06041E+18,227,-10,2024-10-31 16:23:18.497858+05:30,enemies_ofshiganshina
248,1.06041E+18,227,60,2024-10-31 16:24:41.328595+05:30,enemies_ofshiganshina
249,7.96758E+17,306,120,2024-10-31 16:26:39.481483+05:30,kiwifruitdemure
250,1.3011E+18,39,-10,2024-10-31 16:38:23.327996+05:30,adventurous_unicorn_71057
251,1.3011E+18,39,-10,2024-10-31 16:38:59.344795+05:30,adventurous_unicorn_71057
252,1.29263E+18,219,60,2024-10-31 17:22:39.077475+05:30,rssahu_34755
253,1.06041E+18,138,90,2024-10-31 17:28:04.310409+05:30,enemies_ofshiganshina
254,7.96758E+17,58,150,2024-10-31 17:42:25.274581+05:30,kiwifruitdemure
255,7.96758E+17,1,160,2024-10-31 17:47:36.416058+05:30,kiwifruitdemure
256,1.29263E+18,97,90,2024-10-31 17:59:32.413254+05:30,rssahu_34755
257,1.17981E+18,343,-10,2024-10-31 18:20:51.821369+05:30,dante_alli
258,1.17981E+18,343,-10,2024-10-31 18:22:05.663086+05:30,dante_alli
259,1.17981E+18,343,80,2024-10-31 18:27:30.446771+05:30,dante_alli
260,1.17981E+18,345,-10,2024-10-31 18:39:05.555426+05:30,dante_alli
261,1.17981E+18,345,-10,2024-10-31 18:40:17.281124+05:30,dante_alli
262,1.17981E+18,345,-10,2024-10-31 18:42:12.306064+05:30,dante_alli
263,1.29477E+18,357,-10,2024-10-31 19:04:56.673738+05:30,sahib_08740
264,1.17981E+18,318,-20,2024-10-31 21:30:00.471796+05:30,dante_alli
265,1.30111E+18,348,-10,2024-11-01 11:11:38.548651+05:30,vamsi_39440
266,1.30086E+18,264,140,2024-11-01 13:11:47.098116+05:30,shubhampanthri_12929
267,1.3011E+18,169,-10,2024-11-01 13:49:03.973468+05:30,adventurous_unicorn_71057
268,1.30084E+18,353,60,2024-11-01 22:22:26.932947+05:30,hilichurl_haver
269,1.30084E+18,342,-10,2024-11-01 22:28:07.82618+05:30,hilichurl_haver
270,1.30084E+18,342,-10,2024-11-01 22:47:31.051898+05:30,hilichurl_haver
271,1.30084E+18,342,-10,2024-11-01 22:49:18.187302+05:30,hilichurl_haver
272,1.30087E+18,78,120,2024-11-01 22:51:04.334188+05:30,7akaman
273,1.30084E+18,342,-10,2024-11-01 22:53:41.122394+05:30,hilichurl_haver
274,1.30084E+18,176,-10,2024-11-01 23:06:10.95587+05:30,hilichurl_haver
275,1.30084E+18,176,80,2024-11-01 23:13:31.649811+05:30,hilichurl_haver
276,1.30087E+18,355,90,2024-11-02 00:19:05.689565+05:30,7akaman
277,1.06041E+18,23,100,2024-11-02 08:46:06.721197+05:30,enemies_ofshiganshina
278,1.19719E+18,314,-10,2024-11-02 09:09:13.448424+05:30,smo2024
279,1.19719E+18,148,60,2024-11-02 09:18:06.165701+05:30,smo2024
280,1.19719E+18,151,-10,2024-11-02 09:36:11.341842+05:30,smo2024
281,1.19719E+18,151,60,2024-11-02 09:37:40.89188+05:30,smo2024
282,1.30086E+18,374,90,2024-11-02 10:45:15.643632+05:30,bhavin0952
283,1.30086E+18,177,100,2024-11-02 10:52:16.315383+05:30,bhavin0952
284,1.30086E+18,400,110,2024-11-02 10:59:12.902577+05:30,bhavin0952
285,1.30086E+18,173,-10,2024-11-02 11:03:13.272032+05:30,bhavin0952
286,1.30086E+18,173,80,2024-11-02 11:06:03.277319+05:30,bhavin0952
287,1.30086E+18,113,90,2024-11-02 11:12:57.804006+05:30,bhavin0952
288,1.30086E+18,126,-10,2024-11-02 11:21:50.630336+05:30,bhavin0952
289,1.30086E+18,126,-10,2024-11-02 11:23:59.574071+05:30,bhavin0952
290,1.30086E+18,126,-10,2024-11-02 11:32:16.320438+05:30,bhavin0952
291,1.30086E+18,15,60,2024-11-02 11:48:43.752159+05:30,bhavin0952
292,1.30086E+18,187,90,2024-11-02 11:52:32.237468+05:30,bhavin0952
293,1.30086E+18,34,-10,2024-11-02 11:56:00.627485+05:30,bhavin0952
294,1.30086E+18,34,60,2024-11-02 11:57:13.155995+05:30,bhavin0952
295,1.30086E+18,116,90,2024-11-02 12:50:16.243613+05:30,bhavin0952
296,1.30086E+18,339,-10,2024-11-02 13:17:35.365208+05:30,bhavin0952
297,1.30086E+18,339,-10,2024-11-02 13:20:53.975505+05:30,bhavin0952
298,1.30086E+18,339,-10,2024-11-02 13:23:33.633755+05:30,bhavin0952
299,1.29146E+18,6,-10,2024-11-02 15:48:52.437497+05:30,neha011756
300,1.30086E+18,82,120,2024-11-02 16:14:55.937465+05:30,bhavin0952
301,1.30086E+18,247,70,2024-11-02 16:17:43.694114+05:30,bhavin0952
302,1.30086E+18,160,-10,2024-11-02 16:20:12.013105+05:30,bhavin0952
303,1.30086E+18,160,60,2024-11-02 16:21:47.084953+05:30,bhavin0952
304,1.29146E+18,149,60,2024-11-02 16:23:24.462667+05:30,neha011756
305,1.30086E+18,44,90,2024-11-02 16:25:42.724972+05:30,bhavin0952
306,1.30086E+18,21,-10,2024-11-02 16:34:01.708496+05:30,bhavin0952
307,6.87329E+17,132,140,2024-11-02 17:34:26.307299+05:30,chiranjeev3210
308,6.87329E+17,237,-10,2024-11-02 17:39:50.143545+05:30,chiranjeev3210
309,1.30086E+18,353,60,2024-11-02 17:43:29.391169+05:30,bhavin0952
310,6.87329E+17,235,60,2024-11-02 17:46:18.327343+05:30,chiranjeev3210
311,1.30086E+18,128,-10,2024-11-02 17:51:35.693063+05:30,bhavin0952
312,1.30086E+18,128,-10,2024-11-02 17:54:04.484564+05:30,bhavin0952
313,6.87329E+17,173,90,2024-11-02 17:55:59.510403+05:30,chiranjeev3210
314,1.30086E+18,128,-10,2024-11-02 17:59:35.958391+05:30,bhavin0952
315,1.30086E+18,52,-10,2024-11-02 18:05:38.674676+05:30,bhavin0952
316,1.30086E+18,52,-10,2024-11-02 18:08:06.857769+05:30,bhavin0952
317,1.30086E+18,52,80,2024-11-02 18:10:07.145197+05:30,bhavin0952
318,6.87329E+17,111,100,2024-11-02 18:23:06.829683+05:30,chiranjeev3210
319,6.87329E+17,301,90,2024-11-02 18:29:28.825925+05:30,chiranjeev3210
320,6.87329E+17,12,100,2024-11-02 18:31:41.274034+05:30,chiranjeev3210
321,6.87329E+17,147,110,2024-11-02 19:16:56.670297+05:30,chiranjeev3210
322,6.87329E+17,172,140,2024-11-02 19:25:10.80393+05:30,chiranjeev3210
323,6.87329E+17,291,-10,2024-11-02 19:29:39.697416+05:30,chiranjeev3210
324,6.87329E+17,291,-10,2024-11-02 19:33:00.650714+05:30,chiranjeev3210
325,6.87329E+17,291,-10,2024-11-02 19:35:30.965935+05:30,chiranjeev3210
327,1.17981E+18,226,-20,2024-11-02 21:30:00.590773+05:30,dante_alli
328,1.06041E+18,282,110,2024-11-02 21:36:29.985577+05:30,enemies_ofshiganshina
329,1.30086E+18,88,-10,2024-11-02 22:14:14.39991+05:30,bhavin0952
330,1.30086E+18,88,-10,2024-11-02 22:17:43.850964+05:30,bhavin0952
331,1.30086E+18,165,60,2024-11-02 22:34:48.497383+05:30,bhavin0952
332,1.30086E+18,163,70,2024-11-02 22:37:34.70467+05:30,bhavin0952
333,1.30087E+18,72,140,2024-11-02 22:40:02.493823+05:30,7akaman
334,1.30086E+18,328,-10,2024-11-02 22:43:28.726594+05:30,bhavin0952
335,1.30086E+18,328,-10,2024-11-02 22:47:04.75899+05:30,bhavin0952
336,1.30086E+18,328,-10,2024-11-02 22:49:16.799436+05:30,bhavin0952
343,8.85528E+17,197,80,2024-11-02 23:27:03.938526+05:30,malb6012
344,8.85528E+17,4,90,2024-11-02 23:30:55.282733+05:30,malb6012
345,8.85528E+17,308,80,2024-11-02 23:35:59.506262+05:30,malb6012
347,8.85528E+17,185,-10,2024-11-02 23:42:39.303619+05:30,malb6012
348,8.85528E+17,185,-10,2024-11-02 23:44:48.017994+05:30,malb6012
349,8.85528E+17,185,-10,2024-11-02 23:49:10.281246+05:30,malb6012
350,1.17981E+18,206,-10,2024-11-02 23:59:26.336568+05:30,dante_alli
351,1.17981E+18,206,-10,2024-11-03 00:01:22.32499+05:30,dante_alli
352,1.30087E+18,178,110,2024-11-03 01:01:12.101103+05:30,7akaman
353,1.30087E+18,297,120,2024-11-03 01:04:45.794678+05:30,7akaman
354,1.26299E+18,245,60,2024-11-03 01:10:17.311113+05:30,srvs_kumar
355,1.30087E+18,321,-10,2024-11-03 01:19:05.410428+05:30,7akaman
356,1.30086E+18,52,-50,2024-11-03 05:20:54.152525+05:30,bhavin0952
357,1.30086E+18,128,-50,2024-11-03 05:22:04.449671+05:30,bhavin0952
358,1.30086E+18,57,60,2024-11-03 05:29:13.328306+05:30,bhavin0952
359,1.30086E+18,221,-10,2024-11-03 05:31:21.059074+05:30,bhavin0952
360,1.30086E+18,221,-10,2024-11-03 05:32:52.793988+05:30,bhavin0952
361,1.30086E+18,221,-50,2024-11-03 05:33:32.141887+05:30,bhavin0952
362,1.30086E+18,169,80,2024-11-03 05:43:38.303462+05:30,bhavin0952
363,1.30244E+18,187,80,2024-11-03 08:58:48.795924+05:30,manisha_71736
364,1.30244E+18,60,90,2024-11-03 09:02:01.984812+05:30,manisha_71736
365,1.30244E+18,112,100,2024-11-03 09:05:52.243911+05:30,manisha_71736
366,1.30244E+18,31,110,2024-11-03 09:08:30.335162+05:30,manisha_71736
367,1.30244E+18,255,100,2024-11-03 09:11:12.306246+05:30,manisha_71736
368,1.30244E+18,345,-10,2024-11-03 09:18:02.5204+05:30,manisha_71736
369,1.30244E+18,279,80,2024-11-03 09:35:36.873533+05:30,manisha_71736
370,1.30244E+18,43,90,2024-11-03 09:40:10.288277+05:30,manisha_71736
371,1.30244E+18,23,100,2024-11-03 09:44:04.657548+05:30,manisha_71736
372,1.30244E+18,196,110,2024-11-03 09:46:50.257523+05:30,manisha_71736
373,1.30244E+18,160,-10,2024-11-03 09:48:34.16938+05:30,manisha_71736
374,1.30244E+18,160,60,2024-11-03 09:49:43.360506+05:30,manisha_71736
375,1.30244E+18,145,70,2024-11-03 09:51:20.319192+05:30,manisha_71736
376,1.06041E+18,11,100,2024-11-03 09:52:04.564396+05:30,enemies_ofshiganshina
377,1.30244E+18,355,-10,2024-11-03 10:02:12.303298+05:30,manisha_71736
378,1.30244E+18,355,-50,2024-11-03 10:55:36.886206+05:30,manisha_71736
379,1.06041E+18,126,170,2024-11-03 11:05:28.393042+05:30,enemies_ofshiganshina
380,1.30244E+18,75,-10,2024-11-03 11:10:54.87819+05:30,manisha_71736
381,1.30244E+18,75,-10,2024-11-03 11:14:49.065464+05:30,manisha_71736
382,1.30244E+18,75,-50,2024-11-03 11:15:04.85489+05:30,manisha_71736
383,1.10962E+18,152,60,2024-11-03 12:13:45.954344+05:30,jesdq
384,1.10962E+18,213,90,2024-11-03 12:15:57.410582+05:30,jesdq
385,1.30084E+18,33,-10,2024-11-03 12:24:38.155271+05:30,hilichurl_haver
386,1.30084E+18,33,-10,2024-11-03 12:29:47.408979+05:30,hilichurl_haver
387,1.30119E+18,22,120,2024-11-03 12:30:42.925225+05:30,vinay01156
388,1.30084E+18,33,80,2024-11-03 12:34:12.37642+05:30,hilichurl_haver
389,1.30119E+18,185,-10,2024-11-03 12:41:58.50855+05:30,vinay01156
390,1.30119E+18,185,-10,2024-11-03 12:43:41.204203+05:30,vinay01156
391,1.30119E+18,185,-50,2024-11-03 12:44:07.968391+05:30,vinay01156
392,1.30119E+18,185,-10,2024-11-03 12:45:27.508316+05:30,vinay01156
393,1.30119E+18,67,80,2024-11-03 13:01:12.067299+05:30,vinay01156
394,1.30119E+18,92,90,2024-11-03 13:06:25.293835+05:30,vinay01156
395,1.30119E+18,41,-10,2024-11-03 13:11:07.247278+05:30,vinay01156
396,1.30119E+18,41,-10,2024-11-03 13:13:14.98886+05:30,vinay01156
397,1.30119E+18,41,-50,2024-11-03 13:13:23.649679+05:30,vinay01156
398,1.30087E+18,60,80,2024-11-03 13:15:46.566282+05:30,7akaman
399,1.30119E+18,41,-10,2024-11-03 13:19:46.568345+05:30,vinay01156
400,1.30087E+18,53,90,2024-11-03 13:27:26.859914+05:30,7akaman
401,1.30119E+18,318,-10,2024-11-03 13:44:10.038185+05:30,vinay01156
402,1.30119E+18,318,-50,2024-11-03 13:44:21.723279+05:30,vinay01156
403,1.30084E+18,342,-10,2024-11-03 13:48:11.164227+05:30,hilichurl_haver
404,1.30119E+18,318,-10,2024-11-03 13:49:10.649352+05:30,vinay01156
405,1.30087E+18,227,80,2024-11-03 13:53:28.23324+05:30,7akaman
406,1.30087E+18,253,90,2024-11-03 13:54:57.052821+05:30,7akaman
407,1.30087E+18,96,120,2024-11-03 14:01:19.119013+05:30,7akaman
408,1.30244E+18,91,80,2024-11-03 14:03:15.01918+05:30,manisha_71736
409,1.30244E+18,96,90,2024-11-03 14:03:55.347302+05:30,manisha_71736
410,1.30244E+18,132,-10,2024-11-03 14:28:00.283701+05:30,manisha_71736
411,1.30244E+18,132,-50,2024-11-03 14:28:16.12272+05:30,manisha_71736
413,1.10942E+18,55,80,2024-11-03 14:50:36.244324+05:30,lokki2590
416,1.30086E+18,290,90,2024-11-03 14:53:10.460259+05:30,bhavin0952
417,1.30119E+18,6,-10,2024-11-03 14:54:13.728776+05:30,vinay01156
418,1.30119E+18,6,-50,2024-11-03 14:54:24.729354+05:30,vinay01156
419,1.30086E+18,139,80,2024-11-03 14:55:26.666743+05:30,bhavin0952
420,1.30086E+18,256,90,2024-11-03 14:57:03.579502+05:30,bhavin0952
421,1.30086E+18,344,-10,2024-11-03 15:01:40.504094+05:30,bhavin0952
422,1.30086E+18,344,-10,2024-11-03 15:03:41.353393+05:30,bhavin0952
423,1.30086E+18,344,-50,2024-11-03 15:03:55.417512+05:30,bhavin0952
424,1.30086E+18,260,-10,2024-11-03 15:10:14.728519+05:30,bhavin0952
425,1.30086E+18,260,80,2024-11-03 15:13:34.304588+05:30,bhavin0952
426,1.17981E+18,274,80,2024-11-03 15:24:32.886347+05:30,dante_alli
427,1.17981E+18,153,70,2024-11-03 15:25:49.913056+05:30,dante_alli
428,1.17981E+18,43,100,2024-11-03 15:30:28.620918+05:30,dante_alli
429,1.17981E+18,160,90,2024-11-03 15:31:48.281876+05:30,dante_alli
430,1.17981E+18,301,100,2024-11-03 15:32:41.407163+05:30,dante_alli
431,1.17981E+18,201,-10,2024-11-03 15:35:23.696592+05:30,dante_alli
432,1.17981E+18,201,-10,2024-11-03 15:36:23.764573+05:30,dante_alli
433,1.17981E+18,201,-10,2024-11-03 15:42:09.467608+05:30,dante_alli
434,1.17981E+18,298,80,2024-11-03 15:44:36.326558+05:30,dante_alli
435,1.17981E+18,233,70,2024-11-03 15:46:14.311135+05:30,dante_alli
436,1.06041E+18,316,-10,2024-11-03 15:50:54.332069+05:30,enemies_ofshiganshina
437,1.06041E+18,316,80,2024-11-03 15:52:43.903015+05:30,enemies_ofshiganshina
438,1.17981E+18,17,-10,2024-11-03 15:53:13.126026+05:30,dante_alli
439,1.17981E+18,17,80,2024-11-03 15:54:10.516182+05:30,dante_alli
440,1.17981E+18,300,70,2024-11-03 15:55:29.534629+05:30,dante_alli
441,1.17981E+18,145,80,2024-11-03 15:58:20.861884+05:30,dante_alli
442,1.17981E+18,187,110,2024-11-03 16:00:26.255331+05:30,dante_alli
443,1.17981E+18,7,100,2024-11-03 16:02:20.664482+05:30,dante_alli
444,1.17981E+18,369,-10,2024-11-03 16:11:55.506659+05:30,dante_alli
445,1.17981E+18,369,-10,2024-11-03 16:15:26.387905+05:30,dante_alli
446,1.06041E+18,272,-10,2024-11-03 16:23:54.172937+05:30,enemies_ofshiganshina
447,1.17981E+18,261,80,2024-11-03 16:24:04.75128+05:30,dante_alli
448,1.06041E+18,272,-10,2024-11-03 16:24:43.347707+05:30,enemies_ofshiganshina
449,1.06041E+18,272,-10,2024-11-03 16:25:04.899683+05:30,enemies_ofshiganshina
450,1.17981E+18,42,-10,2024-11-03 16:27:02.255622+05:30,dante_alli
451,1.17981E+18,42,-10,2024-11-03 16:29:33.03557+05:30,dante_alli
452,1.17981E+18,42,-10,2024-11-03 16:31:06.251661+05:30,dante_alli
453,1.06041E+18,67,-10,2024-11-03 16:33:11.119774+05:30,enemies_ofshiganshina
454,1.06041E+18,67,-10,2024-11-03 16:34:17.105706+05:30,enemies_ofshiganshina
455,1.06041E+18,67,80,2024-11-03 16:34:54.319378+05:30,enemies_ofshiganshina
456,1.17981E+18,122,-10,2024-11-03 16:42:22.707108+05:30,dante_alli
457,1.17981E+18,122,-10,2024-11-03 16:47:44.56759+05:30,dante_alli
458,1.17981E+18,122,120,2024-11-03 16:52:12.274737+05:30,dante_alli
459,1.06041E+18,352,-10,2024-11-03 17:55:05.876181+05:30,enemies_ofshiganshina
460,1.06041E+18,352,-10,2024-11-03 17:55:34.411074+05:30,enemies_ofshiganshina
461,1.06041E+18,352,80,2024-11-03 17:56:21.969462+05:30,enemies_ofshiganshina
462,1.06041E+18,302,70,2024-11-03 18:01:07.563761+05:30,enemies_ofshiganshina
463,1.06041E+18,1,100,2024-11-03 18:07:06.433989+05:30,enemies_ofshiganshina
464,1.17981E+18,249,70,2024-11-03 18:35:19.258079+05:30,dante_alli
465,1.18467E+18,305,60,2024-11-03 18:39:56.87068+05:30,preetbhanushali
466,1.10942E+18,105,90,2024-11-03 18:49:14.386045+05:30,lokki2590
467,1.18467E+18,241,70,2024-11-03 18:51:48.303154+05:30,preetbhanushali
468,1.18467E+18,329,-10,2024-11-03 19:04:23.465556+05:30,preetbhanushali
470,1.18467E+18,182,80,2024-11-03 19:09:46.180215+05:30,preetbhanushali
471,1.29146E+18,272,90,2024-11-03 19:10:58.29643+05:30,neha011756
472,1.18467E+18,138,90,2024-11-03 19:15:03.328324+05:30,preetbhanushali
473,1.06041E+18,194,110,2024-11-03 19:17:05.688065+05:30,enemies_ofshiganshina
474,1.17981E+18,86,-10,2024-11-03 19:18:25.273779+05:30,dante_alli
475,1.17981E+18,86,120,2024-11-03 19:19:28.53797+05:30,dante_alli
476,1.29146E+18,86,140,2024-11-03 19:23:05.60766+05:30,neha011756
477,1.18467E+18,130,-10,2024-11-03 19:23:44.622093+05:30,preetbhanushali
478,1.18467E+18,130,-10,2024-11-03 19:25:46.29254+05:30,preetbhanushali
479,1.18467E+18,130,-50,2024-11-03 19:27:35.282601+05:30,preetbhanushali
480,1.06041E+18,365,120,2024-11-03 20:15:22.868234+05:30,enemies_ofshiganshina
481,1.30086E+18,69,90,2024-11-03 20:35:56.404199+05:30,bhavin0952
482,1.30086E+18,38,100,2024-11-03 20:38:11.695192+05:30,bhavin0952
483,1.06041E+18,142,110,2024-11-03 20:42:14.552722+05:30,enemies_ofshiganshina
484,1.30086E+18,90,110,2024-11-03 20:48:30.546448+05:30,bhavin0952
485,1.30086E+18,266,120,2024-11-03 20:52:27.942252+05:30,bhavin0952
486,1.30086E+18,208,-10,2024-11-03 20:57:16.517201+05:30,bhavin0952
487,1.06041E+18,54,-10,2024-11-03 20:59:22.164201+05:30,enemies_ofshiganshina
488,1.06041E+18,54,80,2024-11-03 21:00:05.165017+05:30,enemies_ofshiganshina
489,1.30086E+18,208,-10,2024-11-03 21:01:04.281372+05:30,bhavin0952
490,1.30086E+18,208,-50,2024-11-03 21:01:35.58621+05:30,bhavin0952
491,1.30086E+18,240,60,2024-11-03 21:07:15.136564+05:30,bhavin0952
492,1.30086E+18,305,70,2024-11-03 21:10:10.806564+05:30,bhavin0952
493,1.30087E+18,152,-10,2024-11-03 21:17:06.269476+05:30,7akaman
494,1.30087E+18,152,60,2024-11-03 21:17:56.321776+05:30,7akaman
495,1.30087E+18,374,90,2024-11-03 21:26:05.754709+05:30,7akaman
496,1.17981E+18,330,-20,2024-11-03 21:30:00.156632+05:30,dante_alli
497,1.30086E+18,136,100,2024-11-03 22:43:28.431935+05:30,bhavin0952
498,1.30086E+18,66,110,2024-11-03 22:46:28.63712+05:30,bhavin0952
499,1.30086E+18,71,120,2024-11-03 22:48:28.498328+05:30,bhavin0952
500,1.30086E+18,181,130,2024-11-03 22:52:12.403583+05:30,bhavin0952
501,1.30086E+18,334,-10,2024-11-03 23:01:38.324062+05:30,bhavin0952
502,1.30086E+18,334,-50,2024-11-03 23:02:19.605031+05:30,bhavin0952
503,1.30087E+18,141,80,2024-11-04 01:00:11.156859+05:30,7akaman
504,1.30087E+18,210,110,2024-11-04 01:13:01.332034+05:30,7akaman
505,1.10962E+18,100,100,2024-11-04 02:46:57.3616+05:30,jesdq
506,1.10962E+18,318,-10,2024-11-04 02:50:22.640011+05:30,jesdq
507,1.30086E+18,35,-10,2024-11-04 03:41:13.277243+05:30,bhavin0952
508,1.30086E+18,35,80,2024-11-04 03:44:30.284897+05:30,bhavin0952
509,1.29263E+18,234,80,2024-11-04 07:34:19.653133+05:30,rssahu_34755
510,1.29263E+18,191,90,2024-11-04 07:40:07.994457+05:30,rssahu_34755
511,7.96758E+17,266,170,2024-11-04 09:15:16.713597+05:30,kiwifruitdemure
512,7.96758E+17,93,180,2024-11-04 09:22:52.410589+05:30,kiwifruitdemure
513,7.96758E+17,288,180,2024-11-04 09:32:29.401567+05:30,kiwifruitdemure
514,7.96758E+17,86,220,2024-11-04 09:40:59.663565+05:30,kiwifruitdemure
515,7.96758E+17,121,220,2024-11-04 09:51:56.334176+05:30,kiwifruitdemure
516,1.09865E+18,262,80,2024-11-04 10:33:58.950277+05:30,_torato
517,1.30086E+18,9,70,2024-11-04 11:07:56.112093+05:30,bhavin0952
518,1.30086E+18,149,80,2024-11-04 11:13:18.430584+05:30,bhavin0952
519,1.30086E+18,265,110,2024-11-04 11:15:29.32683+05:30,bhavin0952
520,9.41586E+17,370,80,2024-11-04 11:17:01.581562+05:30,mansi6806
521,1.30086E+18,278,120,2024-11-04 11:17:17.50938+05:30,bhavin0952
522,1.30086E+18,46,130,2024-11-04 11:32:13.582545+05:30,bhavin0952
523,1.09865E+18,72,130,2024-11-04 11:37:09.612236+05:30,_torato
524,1.30086E+18,176,140,2024-11-04 11:37:29.233231+05:30,bhavin0952
525,1.30086E+18,33,-10,2024-11-04 11:40:29.939366+05:30,bhavin0952
526,1.30086E+18,33,-10,2024-11-04 11:41:20.745731+05:30,bhavin0952
527,1.30086E+18,33,80,2024-11-04 11:41:44.258517+05:30,bhavin0952
528,1.30086E+18,33,-50,2024-11-04 11:42:09.697834+05:30,bhavin0952
529,1.10771E+18,145,-10,2024-11-04 12:10:37.318889+05:30,karthikghy
530,1.10771E+18,145,60,2024-11-04 12:11:02.45124+05:30,karthikghy
531,1.30086E+18,189,90,2024-11-04 13:33:47.184834+05:30,bhavin0952
532,1.30086E+18,274,100,2024-11-04 13:35:29.064088+05:30,bhavin0952
533,8.5857E+17,243,60,2024-11-04 13:36:00.793362+05:30,bk052944
534,1.30086E+18,272,110,2024-11-04 13:37:26.327324+05:30,bhavin0952
535,1.30086E+18,328,120,2024-11-04 13:40:32.25024+05:30,bhavin0952
536,1.30086E+18,20,130,2024-11-04 13:43:05.310325+05:30,bhavin0952
537,1.30086E+18,22,-10,2024-11-04 13:56:30.699131+05:30,bhavin0952
538,1.30086E+18,22,-10,2024-11-04 14:00:37.131513+05:30,bhavin0952
539,1.30086E+18,22,-50,2024-11-04 14:01:08.973833+05:30,bhavin0952
540,1.30086E+18,288,80,2024-11-04 17:57:48.234604+05:30,bhavin0952
541,1.30086E+18,211,-10,2024-11-04 18:02:27.299846+05:30,bhavin0952
542,1.30086E+18,211,-50,2024-11-04 18:03:07.442079+05:30,bhavin0952
543,1.30086E+18,211,120,2024-11-04 18:05:12.205969+05:30,bhavin0952
544,1.30086E+18,138,90,2024-11-04 18:23:02.203465+05:30,bhavin0952
545,1.30086E+18,10,80,2024-11-04 18:26:16.505016+05:30,bhavin0952
546,1.30244E+18,267,80,2024-11-04 18:32:52.308374+05:30,manisha_71736
547,1.06041E+18,344,-10,2024-11-04 18:38:24.176284+05:30,enemies_ofshiganshina
548,1.06041E+18,344,80,2024-11-04 18:40:34.772081+05:30,enemies_ofshiganshina
549,1.30086E+18,29,110,2024-11-04 19:04:58.633019+05:30,bhavin0952
550,1.30086E+18,215,120,2024-11-04 19:09:53.314306+05:30,bhavin0952
551,1.30086E+18,217,130,2024-11-04 19:12:48.329486+05:30,bhavin0952
552,1.30086E+18,206,-10,2024-11-04 19:20:48.475188+05:30,bhavin0952
553,1.30086E+18,206,-10,2024-11-04 19:26:14.387533+05:30,bhavin0952
554,1.30086E+18,206,-50,2024-11-04 19:26:49.79647+05:30,bhavin0952
555,1.29146E+18,340,110,2024-11-04 19:37:02.423041+05:30,neha011756
556,1.17981E+18,127,-10,2024-11-04 19:53:44.746941+05:30,dante_alli
557,1.17981E+18,306,60,2024-11-04 19:58:15.862587+05:30,dante_alli
558,1.17981E+18,124,-10,2024-11-04 20:12:07.275348+05:30,dante_alli
559,1.17981E+18,124,120,2024-11-04 20:13:14.78407+05:30,dante_alli
560,1.29263E+18,266,120,2024-11-04 20:13:33.064886+05:30,rssahu_34755
561,1.17981E+18,3,-10,2024-11-04 20:20:26.302343+05:30,dante_alli
562,1.17981E+18,3,80,2024-11-04 20:21:12.297373+05:30,dante_alli
563,1.06041E+18,74,-10,2024-11-04 20:31:42.891874+05:30,enemies_ofshiganshina
564,1.06041E+18,74,-10,2024-11-04 20:32:11.61186+05:30,enemies_ofshiganshina
565,1.06041E+18,74,-10,2024-11-04 20:33:02.676243+05:30,enemies_ofshiganshina
566,1.23546E+18,265,80,2024-11-04 20:51:05.876195+05:30,snarlbase.editsizzle
567,1.24631E+18,118,-10,2024-11-04 20:56:27.295513+05:30,badhri16
568,1.24631E+18,118,-10,2024-11-04 20:57:31.939435+05:30,badhri16
569,1.24631E+18,118,-50,2024-11-04 20:58:06.726236+05:30,badhri16
570,1.24631E+18,357,-10,2024-11-04 21:04:12.609309+05:30,badhri16
571,1.24631E+18,357,-50,2024-11-04 21:04:54.312092+05:30,badhri16
572,1.06041E+18,261,80,2024-11-04 21:07:55.534167+05:30,enemies_ofshiganshina
573,1.24631E+18,79,120,2024-11-04 21:08:24.683395+05:30,badhri16
574,1.24631E+18,32,70,2024-11-04 21:10:41.757851+05:30,badhri16
575,1.24631E+18,324,-10,2024-11-04 21:12:46.539083+05:30,badhri16
576,1.24631E+18,324,-10,2024-11-04 21:14:26.55907+05:30,badhri16
577,1.24631E+18,324,-50,2024-11-04 21:14:45.54962+05:30,badhri16
578,1.17981E+18,176,-20,2024-11-04 21:30:00.306466+05:30,dante_alli
579,1.24631E+18,329,80,2024-11-04 21:31:27.161265+05:30,badhri16
580,1.24631E+18,58,90,2024-11-04 21:32:34.935119+05:30,badhri16
581,1.24631E+18,337,-10,2024-11-04 21:39:32.941412+05:30,badhri16
582,1.24631E+18,337,-10,2024-11-04 21:42:02.22186+05:30,badhri16
583,1.24631E+18,337,-10,2024-11-04 21:43:10.977225+05:30,badhri16
584,1.24631E+18,337,-50,2024-11-04 21:43:29.429411+05:30,badhri16
585,1.20237E+18,45,110,2024-11-04 22:27:34.337877+05:30,rahulgummal
586,1.30084E+18,342,-10,2024-11-04 23:02:15.433748+05:30,hilichurl_haver
587,1.30084E+18,342,-10,2024-11-04 23:03:46.867454+05:30,hilichurl_haver
588,1.30084E+18,342,-50,2024-11-04 23:06:03.45919+05:30,hilichurl_haver
589,9.34833E+17,221,-10,2024-11-05 03:22:23.149724+05:30,mayankvijay_
590,9.34833E+17,221,-10,2024-11-05 03:25:28.257866+05:30,mayankvijay_
591,9.34833E+17,167,80,2024-11-05 03:28:53.30336+05:30,mayankvijay_
592,9.34833E+17,305,70,2024-11-05 03:31:49.819089+05:30,mayankvijay_
593,9.34833E+17,348,-10,2024-11-05 03:40:55.293748+05:30,mayankvijay_
594,9.34833E+17,348,-50,2024-11-05 03:41:48.609918+05:30,mayankvijay_
595,1.30086E+18,4,80,2024-11-05 04:02:52.452436+05:30,bhavin0952
596,1.30086E+18,159,70,2024-11-05 04:04:32.436839+05:30,bhavin0952
597,1.30086E+18,70,140,2024-11-05 04:08:06.556892+05:30,bhavin0952
598,1.30086E+18,209,-10,2024-11-05 04:16:12.430211+05:30,bhavin0952
599,1.30086E+18,209,-50,2024-11-05 04:16:40.310738+05:30,bhavin0952
600,1.30086E+18,124,-10,2024-11-05 04:32:21.658413+05:30,bhavin0952
601,1.30086E+18,124,-50,2024-11-05 04:32:39.321507+05:30,bhavin0952
602,1.24631E+18,234,60,2024-11-05 08:26:48.323653+05:30,badhri16
603,1.24631E+18,182,90,2024-11-05 08:30:52.800984+05:30,badhri16
604,1.29263E+18,320,-10,2024-11-05 08:32:26.01895+05:30,rssahu_34755
605,1.24631E+18,175,100,2024-11-05 08:33:44.155963+05:30,badhri16
606,1.24631E+18,22,150,2024-11-05 08:38:49.471202+05:30,badhri16
607,1.24631E+18,16,-10,2024-11-05 08:39:50.368907+05:30,badhri16
608,1.24631E+18,16,60,2024-11-05 08:40:54.655361+05:30,badhri16
609,1.24631E+18,77,-10,2024-11-05 08:45:37.858882+05:30,badhri16
610,1.24631E+18,77,-10,2024-11-05 08:47:29.706569+05:30,badhri16
611,1.24631E+18,77,-50,2024-11-05 08:48:33.461238+05:30,badhri16
612,9.41586E+17,156,70,2024-11-05 08:49:44.79641+05:30,mansi6806
613,9.41586E+17,373,-10,2024-11-05 08:57:42.217393+05:30,mansi6806
614,9.41586E+17,241,60,2024-11-05 09:35:34.117466+05:30,mansi6806
615,9.41586E+17,62,70,2024-11-05 09:39:03.297467+05:30,mansi6806
616,1.23546E+18,246,70,2024-11-05 09:41:07.510168+05:30,snarlbase.editsizzle
617,9.41586E+17,148,-10,2024-11-05 09:41:55.277302+05:30,mansi6806
619,9.41586E+17,148,60,2024-11-05 09:43:17.285653+05:30,mansi6806
620,9.41586E+17,304,70,2024-11-05 09:46:48.28292+05:30,mansi6806
621,9.41586E+17,235,80,2024-11-05 09:48:51.488564+05:30,mansi6806
622,9.41586E+17,300,90,2024-11-05 09:51:36.594267+05:30,mansi6806
623,1.23546E+18,12,60,2024-11-05 09:52:27.451503+05:30,snarlbase.editsizzle
624,9.41586E+17,306,100,2024-11-05 09:53:46.441222+05:30,mansi6806
625,9.41586E+17,301,110,2024-11-05 09:57:30.109222+05:30,mansi6806
626,9.41586E+17,153,120,2024-11-05 10:03:45.43037+05:30,mansi6806
627,9.41586E+17,191,130,2024-11-05 10:07:59.174098+05:30,mansi6806
628,1.09865E+18,1,100,2024-11-05 10:10:20.58277+05:30,_torato
629,9.41586E+17,164,140,2024-11-05 10:15:44.5186+05:30,mansi6806
630,9.41586E+17,319,150,2024-11-05 10:21:31.392611+05:30,mansi6806
631,1.09865E+18,274,110,2024-11-05 10:22:08.940985+05:30,_torato
632,1.23546E+18,140,70,2024-11-05 11:04:54.159423+05:30,snarlbase.editsizzle
643,1.09865E+18,13,100,2024-11-05 11:23:57.191158+05:30,_torato
644,1.09865E+18,66,130,2024-11-05 11:32:01.296031+05:30,_torato
645,9.41586E+17,142,160,2024-11-05 11:42:04.291442+05:30,mansi6806
646,9.41586E+17,149,160,2024-11-05 11:51:35.05593+05:30,mansi6806
647,9.41586E+17,199,-10,2024-11-05 11:55:30.60879+05:30,mansi6806
648,9.41586E+17,199,-50,2024-11-05 11:56:20.011613+05:30,mansi6806
655,1.23546E+18,302,60,2024-11-05 12:08:31.727384+05:30,snarlbase.editsizzle
657,1.23546E+18,156,70,2024-11-05 12:23:19.97493+05:30,snarlbase.editsizzle
665,9.41586E+17,148,60,2024-11-05 12:25:52.606425+05:30,mansi6806
667,1.23546E+18,319,80,2024-11-05 12:27:11.425951+05:30,snarlbase.editsizzle
668,1.23127E+18,135,80,2024-11-05 12:34:10.649739+05:30,mayuradhav.
669,1.23546E+18,255,90,2024-11-05 12:47:25.657926+05:30,snarlbase.editsizzle
670,1.23546E+18,193,100,2024-11-05 12:48:47.302949+05:30,snarlbase.editsizzle
673,1.23546E+18,134,120,2024-11-05 12:50:52.541624+05:30,snarlbase.editsizzle
675,1.23546E+18,192,100,2024-11-05 12:51:54.813244+05:30,snarlbase.editsizzle
677,1.23546E+18,16,100,2024-11-05 13:01:53.367522+05:30,snarlbase.editsizzle
679,1.23546E+18,252,100,2024-11-05 13:15:28.743389+05:30,snarlbase.editsizzle
680,1.23546E+18,332,-10,2024-11-05 13:27:26.963504+05:30,snarlbase.editsizzle
681,1.23546E+18,142,100,2024-11-05 13:30:33.284369+05:30,snarlbase.editsizzle
682,1.23546E+18,300,100,2024-11-05 13:39:42.481829+05:30,snarlbase.editsizzle
683,1.09865E+18,279,140,2024-11-05 16:08:12.663426+05:30,_torato
684,1.04599E+18,104,80,2024-11-05 17:28:57.455034+05:30,krischay
685,1.06041E+18,47,70,2024-11-05 19:35:36.299021+05:30,enemies_ofshiganshina
686,8.85528E+17,297,80,2024-11-05 20:03:55.332178+05:30,malb6012
687,1.06041E+18,358,100,2024-11-05 20:07:20.252453+05:30,enemies_ofshiganshina
688,8.85528E+17,23,90,2024-11-05 20:07:25.253461+05:30,malb6012
689,8.85528E+17,153,70,2024-11-05 20:10:14.48698+05:30,malb6012
690,8.85528E+17,76,-10,2024-11-05 20:19:45.771704+05:30,malb6012
691,6.12707E+17,301,60,2024-11-05 20:27:46.96103+05:30,s1ms0n_
692,8.85528E+17,70,130,2024-11-05 20:28:59.225204+05:30,malb6012
693,1.06041E+18,15,80,2024-11-05 20:34:05.317998+05:30,enemies_ofshiganshina
694,1.24631E+18,195,-10,2024-11-05 20:44:00.175155+05:30,badhri16
695,1.24631E+18,195,-10,2024-11-05 20:44:29.149054+05:30,badhri16
696,1.24631E+18,195,-10,2024-11-05 20:45:36.435082+05:30,badhri16
697,1.17981E+18,8,-20,2024-11-05 21:30:00.374072+05:30,dante_alli
698,1.09865E+18,8,-20,2024-11-05 21:30:00.402718+05:30,_torato
699,1.04599E+18,8,-20,2024-11-05 21:30:00.428132+05:30,krischay
700,1.23546E+18,8,-20,2024-11-05 21:30:00.450701+05:30,snarlbase.editsizzle
701,3.75529E+17,280,80,2024-11-05 23:37:13.378701+05:30,animxh
702,3.75529E+17,240,70,2024-11-05 23:41:54.294001+05:30,animxh
703,1.29146E+18,129,-10,2024-11-05 23:58:50.739548+05:30,neha011756
704,1.29146E+18,129,-10,2024-11-06 00:01:15.50898+05:30,neha011756
705,1.29146E+18,129,-10,2024-11-06 00:16:58.463402+05:30,neha011756
706,1.30087E+18,270,-10,2024-11-06 04:20:11.309349+05:30,7akaman
707,1.30087E+18,270,120,2024-11-06 04:22:33.466051+05:30,7akaman
708,1.30087E+18,173,120,2024-11-06 04:31:41.318521+05:30,7akaman
709,1.30087E+18,240,100,2024-11-06 04:38:42.315653+05:30,7akaman
710,1.30087E+18,65,100,2024-11-06 04:49:39.18287+05:30,7akaman
711,1.30087E+18,336,-10,2024-11-06 04:57:11.744065+05:30,7akaman
712,1.30087E+18,336,-10,2024-11-06 04:59:37.723324+05:30,7akaman
713,1.30087E+18,336,-50,2024-11-06 04:59:56.177519+05:30,7akaman
714,1.24631E+18,193,60,2024-11-06 10:05:40.859725+05:30,badhri16
715,1.24631E+18,177,80,2024-11-06 10:08:56.786433+05:30,badhri16
716,1.24631E+18,166,60,2024-11-06 10:12:00.044289+05:30,badhri16
717,1.24631E+18,334,-10,2024-11-06 10:14:42.429777+05:30,badhri16
718,1.24631E+18,334,-10,2024-11-06 10:18:39.330267+05:30,badhri16
719,1.24631E+18,334,-10,2024-11-06 10:18:59.501543+05:30,badhri16
720,1.24631E+18,334,-50,2024-11-06 10:19:21.404379+05:30,badhri16
721,1.23546E+18,65,100,2024-11-06 10:34:35.499295+05:30,snarlbase.editsizzle
722,1.04599E+18,303,70,2024-11-06 10:42:39.923757+05:30,krischay
723,1.0511E+18,317,80,2024-11-06 10:52:45.232076+05:30,push12.
724,1.0511E+18,147,60,2024-11-06 11:08:50.678722+05:30,push12.
725,1.17981E+18,328,90,2024-11-06 11:10:42.655073+05:30,dante_alli
726,1.17981E+18,35,-10,2024-11-06 11:16:39.190249+05:30,dante_alli
727,1.17981E+18,35,-10,2024-11-06 11:17:15.158823+05:30,dante_alli
728,1.17981E+18,35,-10,2024-11-06 11:18:11.477551+05:30,dante_alli
729,1.23546E+18,139,100,2024-11-06 11:23:39.561872+05:30,snarlbase.editsizzle
730,1.23546E+18,241,110,2024-11-06 11:24:04.294756+05:30,snarlbase.editsizzle
731,1.0511E+18,12,70,2024-11-06 11:44:42.871691+05:30,push12.
732,1.29827E+18,77,-10,2024-11-06 12:37:09.141096+05:30,anishkumar451
733,1.29827E+18,77,-50,2024-11-06 12:41:05.287438+05:30,anishkumar451
734,1.0511E+18,320,90,2024-11-06 12:56:28.538007+05:30,push12.
735,1.0511E+18,328,-10,2024-11-06 13:00:33.307636+05:30,push12.
736,1.0511E+18,328,90,2024-11-06 13:02:48.930127+05:30,push12.
737,1.0511E+18,23,90,2024-11-06 13:06:33.620649+05:30,push12.
738,1.0511E+18,97,90,2024-11-06 13:12:18.451423+05:30,push12.
739,1.21282E+18,61,60,2024-11-06 14:16:50.763381+05:30,gryffin31
740,1.21282E+18,255,70,2024-11-06 14:18:48.360137+05:30,gryffin31
741,1.30341E+18,333,80,2024-11-06 14:26:40.998444+05:30,srinivasareddy0357
742,1.30341E+18,15,70,2024-11-06 14:30:32.21368+05:30,srinivasareddy0357
743,1.30341E+18,301,70,2024-11-06 14:32:30.5506+05:30,srinivasareddy0357
744,1.30341E+18,220,70,2024-11-06 14:40:26.325291+05:30,srinivasareddy0357
745,1.30341E+18,272,90,2024-11-06 14:43:33.933827+05:30,srinivasareddy0357
746,1.30341E+18,228,-10,2024-11-06 15:00:57.612147+05:30,srinivasareddy0357
747,1.30341E+18,228,-10,2024-11-06 15:02:51.867492+05:30,srinivasareddy0357
748,1.30341E+18,228,-10,2024-11-06 15:05:00.623045+05:30,srinivasareddy0357
749,1.30341E+18,228,-50,2024-11-06 15:06:01.711553+05:30,srinivasareddy0357
750,1.30341E+18,276,90,2024-11-06 15:35:25.792556+05:30,srinivasareddy0357
751,1.30341E+18,178,90,2024-11-06 15:42:29.783546+05:30,srinivasareddy0357
752,1.30341E+18,218,70,2024-11-06 15:49:08.436341+05:30,srinivasareddy0357

